Option Name,score,Contact,5,Address,5,Size,5,Rent,5,Monthly Fees,5,One Time Fees,5,Pet Policy,5,Distance,5,Duration,5,Parking,5,Amenities,5,Property Info,5,Images,5,Description,5,modifier
[The Ranch at Arrington](https://www.apartments.com/the-ranch-at-arrington-college-station-tx/3ftm78f/),8443378093,"[1650 Arrington Rd, College Station, TX 77845](https://www.google.com/maps/dir/Texas+A&M+University/1650+Arrington+Rd,+College+Station,+TX+77845/data=!4m2!4m1!3e2)","b""b'562'""","$1,000 - 1,760","* Assigned Surface Lot Parking: $45
* Assigned Covered Parking: $45
* Cat Rent: $15
* Dog Rent: $15","* Admin Fee: $125
* Application Fee: $75
* Cat Fee: $300
* Dog Fee: $300",,,,"Pool,Fitness Center,Clubhouse,Controlled Access,Recycling,Grill,Gated,Community-Wide WiFi,Washer/Dryer - In Unit,Air Conditioning,Dishwasher,High Speed Internet Access,Walk-In Closets,Granite Countertops,Yard,Microwave,",,![Primary Photo - The Ranch at Arrington](https://images1.apartments.com/i2/-VeL_e8Duv7OY1rMSVKSjpbdxlaCB308kH6UuqMwgb4/111/the-ranch-at-arrington-college-station-tx-primary-photo.jpg?p=1) ,"b""b'The Ranch at Arrington offers its residents an unprecedented level of accommodations. We are situated on 12 serene acres in south College Station and close to numerous shops, restaurants and many other conveniences. The Ranch at Arrington is a gated, luxury community offering all of the comforts and luxuries of a big city with the charm and character of a small town. Community comforts include a resort-style swimming pool, sundeck, outdoor fireplace, 24-hour fitness facility, and a billiards room with large screen TVs. Individual luxuries include black appliance packages, plank flooring, designer carpet, crown molding, and much more. Experience the latest wireless technology WireStar offers encompassing your internet, home automation & property gate access systems.. Are you ready to experience your next level of luxury living? Then come and live the world of difference that The Ranch lifestyle can provide.'"""
[Lake Walk at Traditions Apartments](https://www.apartments.com/lake-walk-at-traditions-apartments-college-station-tx/3l2ztvd/),8443486595,"[8175 Atlas Pear Dr, College Station, TX 77845](https://www.google.com/maps/dir/Texas+A&M+University/8175+Atlas+Pear+Dr,+College+Station,+TX+77845/data=!4m2!4m1!3e2)",,"$1,005 - 2,094","* Unassigned Covered Parking: $35
* Unassigned Garage Parking: $100
* Unassigned Other Parking: $100
* Cat Rent: $30
* Dog Rent: $30","* Admin Fee: $150
* Application Fee: $60
* Cat Fee: $350
* Dog Fee: $350",,,,"Pool,Fitness Center,Laundry Facilities,Furnished Units Available,Clubhouse,Controlled Access,Recycling,Business Center,Washer/Dryer - In Unit,Air Conditioning,Dishwasher,High Speed Internet Access,Hardwood Floors,Walk-In Closets,Island Kitchen,Granite Countertops,",,![Primary Photo - Lake Walk at Traditions Apartments](https://images1.apartments.com/i2/J2FSRNc-FPBqxzI8PFUbL1uNxxU1mPPjbs5Rpu_gO-8/111/lake-walk-at-traditions-apartments-college-station-tx-primary-photo.jpg?p=1) ,"b""b'A location unlike any other. Feel the allure of local adventure, experience your best days, and embrace the satisfaction of life at Lake Walk at Traditions Apartments. As noteworthy for its quintessential Texan character as for its greater regional access, our apartment community offers brand new 1, 2 and 3 bedroom homes featuring spacious 9 foot ceilings, wood plank style flooring, chef-inspired kitchens, and attached garages. Nestled in the master-planned Traditions Golf Community, in the heart of the Research Valley and BioCorridor, and next to Lake Walk Town Center \\xe2\\x80\\x93 the community is surrounded by world-class businesses, retail and restaurant destinations, and vibrant experiences and events.\\nThe expansive community spaces and state-of-the-art amenities include four resort-style, salt water swimming pools with poolside cabanas and hot tubs, outdoor kitchens and grills, putting green, and four state-of-the-art fitness centers, all surrounded by lush hill country landscaping.'"""
[The Grove at Southwood](https://www.apartments.com/the-grove-at-southwood-college-station-tx/02fx621/),9792135907,"[603 Southwest Pky, College Station, TX 77840](https://www.google.com/maps/dir/Texas+A&M+University/603+Southwest+Pky,+College+Station,+TX+77840/data=!4m2!4m1!3e2)","b""b'900'""","$834 - 1,359","* Cat Rent: $25
* Dog Rent: $25","* Admin Fee: $100
* Application Fee: $50
* Cat Fee: $525
* Dog Fee: $525",,,,"Pool,Basketball Court,Picnic Area,Shuttle To Campus,Air Conditioning,Dishwasher,High Speed Internet Access,Walk-In Closets,",,![Primary Photo - The Grove at Southwood](https://images1.apartments.com/i2/OUFy4yQlpuRf6LoZ6D3Zw7854L23uvouY6gWBxwomyE/111/the-grove-at-southwood-college-station-tx-primary-photo.jpg?p=1) ,"b""b'Grove at Southwood Apartments is professionally managed and operated by Asset Living. Our floor plan offers the perfect living arrangement for all roommate types and families. All apartment homes have been renovated to include upgraded flooring, refinished counters and bathtubs, new paint scheme, new black appliances and so much more! At The Grove at Southwood, our amenities are designed to enhance your residential experience, inside and outside of your apartment home. Enjoy your day off at our refreshing swimming pool! we have amenities for the extravagant and the ordinary. We also welcome canine and feline companions into our pet-friendly apartments with our on-site dog park.'"""
[Northpoint Crossing](https://www.apartments.com/northpoint-crossing-college-station-tx/3hefxmf/),8448095285,"[1501 Northpoint Ln, College Station, TX 77840](https://www.google.com/maps/dir/Texas+A&M+University/1501+Northpoint+Ln,+College+Station,+TX+77840/data=!4m2!4m1!3e2)","b""b'819'""",$679 - 829,"* Unassigned Garage Parking: $25
* Cat Rent: $10
* Dog Rent: $10","* Admin Fee: $140
* Application Fee: $35
* Cat Deposit: $200
* Dog Deposit: $200",,,,"Pool,Fitness Center,Furnished Units Available,Elevator,Clubhouse,Roof Terrace,Business Center,Grill,Washer/Dryer - In Unit,Air Conditioning,Dishwasher,High Speed Internet Access,Hardwood Floors,Walk-In Closets,Microwave,Refrigerator,",,![Primary Photo - Northpoint Crossing](https://images1.apartments.com/i2/DU82McvN0KaCH67GxiBhoRB1qaX7zA4uhBstOFjWbwI/111/northpoint-crossing-college-station-tx-primary-photo.jpg?p=1) ,"b""b'** PLEASE NOTE THE RATES SHOWN ABOVE ARE PER BED PRICING. THEY ARE NOT FOR AN ENTIRE UNIT. WE ARE OFF CAMPUS HOUSING AND NEED TO ACCOMMODATE ROOMMATE LIVING ARRANGEMENTS ** Off Campus Texas A&amp;M Student Apartments - Now Under New Ownership &amp; Management!RENOVATED AMENITIES COMING IN FALL 2021 + 10 GB High-Speed Internet!See yourself at the New Northpoing Crossing! Northpoint Crossings fully furnished apartment homes range from one- to four-bedroom apartments, so whether youre looking for a private sanctuary or a suite for your whole squad, we have you covered.Our apartments are located steps from the North entrance to Texas A&amp;M Universitys main campus with shuttle service directly from the property! We are also located next door to all the shops, restaurants, and entertainment at Century Square and a short walk to the rest of the Northgate District.'"""
[The Ivy](https://www.apartments.com/the-ivy-college-station-tx/l7zbk1d/),9793141269,"[1201 Harvey Rd, College Station, TX 77840](https://www.google.com/maps/dir/Texas+A&M+University/1201+Harvey+Rd,+College+Station,+TX+77840/data=!4m2!4m1!3e2)","b""b'405'""","$625 - 1,249","* Cat Rent: $15
* Dog Rent: $5","* Admin Fee: $50
* Application Fee: $35
* Cat Fee: $320
* Dog Fee: $320",,,,"Pool,Fitness Center,Laundry Facilities,Concierge,Air Conditioning,Dishwasher,High Speed Internet Access,Walk-In Closets,",,![The Grand 1501 - The Ivy](https://images1.apartments.com/i2/Lva4v7YHd6_tXoIlvCVLqDX0o4K3tktRODHPJYXcAhs/111/the-ivy-college-station-tx-the-grand-1501.png?p=1) ,"b""b'The Ivy is an apartment located in Brazos County, the 77840 ZIP Code, and the College Station Independent School District attendance zone.'"""
[The Enclave Student Housing](https://www.apartments.com/the-enclave-student-housing-college-station-tx/nmx23qq/),8442309472,"[1800 Holleman Dr, College Station, TX 77840](https://www.google.com/maps/dir/Texas+A&M+University/1800+Holleman+Dr,+College+Station,+TX+77840/data=!4m2!4m1!3e2)",,$559 - 879,"* Cat Rent: $25
* Dog Rent: $25","* Admin Fee: $150
* Application Fee: $15
* Cat Fee: $200
* Cat Deposit: $200
* Dog Fee: $200
* Dog Deposit: $200",,,,"Pool,Fitness Center,Business Center,Grill,Washer/Dryer - In Unit,Air Conditioning,Dishwasher,High Speed Internet Access,",,![Resort Style Pool - The Enclave Student Housing](https://images1.apartments.com/i2/QkDJCqf9EYrquO121iISShwQbCJFJHaCtz3URY_TJGY/111/the-enclave-student-housing-college-station-tx-resort-style-pool.jpg?p=1) ,"b'b""The Enclave is the best alternative to on-campus living at Texas A&amp;M in College Station, Texas. The Enclave offers free high-speed internet, full-size GE kitchen appliances, and a washer and dryer in every one of our spacious apartment homes. With other amenities such as a state of the art fitness center, tanning beds, and resort style pool, youll be living in luxury at the Enclave Apartments. Study, play, sleep and repeat; life as a student doesn\'t get much better. Not only are you 10 minutes from campus, but you can hop directly on the TAMU bus shuttle when it comes time for class.""'"
[FLORA 4050](https://www.apartments.com/flora-4050-bryan-tx/9tzrwb6/),2623179207,"[4050 Eastchester Dr, Bryan, TX 77802](https://www.google.com/maps/dir/Texas+A&M+University/4050+Eastchester+Dr,+Bryan,+TX+77802/data=!4m2!4m1!3e2)","b""b'525'""","$951 - 3,963","* Assigned Covered Parking: $45
* Cat Rent: $20
* Dog Rent: $20","* Admin Fee: $75
* Application Fee: $60
* Cat Fee: $300
* Cat Deposit: $300
* Dog Fee: $300
* Dog Deposit: $300",,,,"Pool,Fitness Center,Elevator,Playground,Clubhouse,Controlled Access,Recycling,Grill,Washer/Dryer - In Unit,Air Conditioning,Dishwasher,Hardwood Floors,Walk-In Closets,Island Kitchen,Granite Countertops,Microwave,",,![Primary Photo - FLORA 4050](https://images1.apartments.com/i2/lLf1sKgNT1jKQ-jKJZLDWFSSWKogqcINEHofGyjBRGg/111/flora-4050-bryan-tx-primary-photo.jpg?p=1) ,"b""b'Welcome to Flora 4050\\nEnjoy townhome-style living with all the comforts of a luxury upscale neighborhood and a small-town feel. Our studio, one, two, or three-bedroom residences are rooted in the heart of an inviting Texas community-ranked among the best places to live in America and an epicenter for growth.'"""
[Caprock Crossing](https://www.apartments.com/caprock-crossing-college-station-tx/ksjpjrc/),7653198301,"[1545 Arrington Rd, College Station, TX 77845](https://www.google.com/maps/dir/Texas+A&M+University/1545+Arrington+Rd,+College+Station,+TX+77845/data=!4m2!4m1!3e2)","b""b'773'""","$1,120 - 1,805","* Cat Rent: $20
* Dog Rent: $20","* Admin Fee: $100
* Application Fee: $50
* Cat Fee: $400
* Cat Deposit: $200
* Dog Fee: $500
* Dog Deposit: $200",,,,"Pool,Fitness Center,Elevator,Clubhouse,Roof Terrace,Controlled Access,Business Center,Grill,Washer/Dryer - In Unit,Air Conditioning,Dishwasher,High Speed Internet Access,Hardwood Floors,Walk-In Closets,Island Kitchen,Microwave,",,![Primary Photo - Caprock Crossing](https://images1.apartments.com/i2/PXVvXoVo9xu7PAW-l0NiTQYc8TfR_x_15GhMvt7rQz4/111/caprock-crossing-college-station-tx-primary-photo.jpg?p=1) ,"b""b'At Caprock Crossing, we\\xe2\\x80\\x99re combining solid ranch style with an urban feel. Architectural sensibility melds comfort with active lifestyle. Our One, Two and Three bedroom floorplans offer space where you can escape everyday life, yet close enough to everything. Quartz countertops, stainless steel appliances, wood flooring, private balcony and full sized washer/dryer units highlight some of our unit stylings. With amenities such as covered parking, outdoor kitchen & grills, rooftop lounge, bark park, fire pit and spacious pool\\xe2\\x80\\xa6Take a look around \\xe2\\x80\\x93 you\\xe2\\x80\\x99ve just arrived.'"""
[Encino Trace](https://www.apartments.com/encino-trace-college-station-tx/3nfp77f/),9794736834,"[2338 Harvey Mitchell Pky S, College Station, TX 77845](https://www.google.com/maps/dir/Texas+A&M+University/2338+Harvey+Mitchell+Pky+S,+College+Station,+TX+77845/data=!4m2!4m1!3e2)","b""b'807'""","$1,045 - 1,560",,"* Cat Fee: $300 - $600
* Cat Deposit: $500
* Dog Fee: $300 - $600
* Dog Deposit: $500",,,,"Pool,Fitness Center,Business Center,Gated,High Speed Internet Access,Fireplace,Patio,Ceiling Fans,",,![Primary Photo - Encino Trace](https://images1.apartments.com/i2/i9g_df0dWomP5DA5mMXw_jalDW2xesqlaBT1T_-OTNA/111/encino-trace-college-station-tx-primary-photo.jpg?p=1) ,"b""b'Luxury lives at Encino Traces Apartment. Just inside the city of College Station and minutes from everything you will need you will find your hidden oasis in Encino Trace Apartments where modern interior finishes and exclusive amenities come standard. Discover the pleasant homes, indulgent amenities and relaxing lifestyle awaiting you.*  Resort-Style Swimming Pool *  State of the Art Fitness Center*  Tanning Beds*  Outdoor Kitchen with Gas Grills*  Poolside Cabana with Wireless Internet*  Business Center with High Speed Internet*  Billiards Table and Multiple Flat-Screen Televisions*  Luxurious Resident Entertainment Room with Fully-Equipped Kitchen*  Dual-Sided Grand Outdoor Fireplace with Multiple Flat-Screen Televisions'"""
[Pepper Tree](https://www.apartments.com/pepper-tree-college-station-tx/6j0h40v/),8442281252,"[2701 Longmire Dr, College Station, TX 77845](https://www.google.com/maps/dir/Texas+A&M+University/2701+Longmire+Dr,+College+Station,+TX+77845/data=!4m2!4m1!3e2)","b""b'653'""","$708 - 1,545","* Cat Rent: $20
* Dog Rent: $20
* Other Rent: $20","* Application Fee: $35
* Cat Fee: $300
* Cat Deposit: $200
* Dog Fee: $300
* Dog Deposit: $200
* Other Fee(s): $300
* Other Deposit(s): $200",,,,"Pool,Fitness Center,Laundry Facilities,Furnished Units Available,Air Conditioning,Dishwasher,High Speed Internet Access,Hardwood Floors,Walk-In Closets,Microwave,Refrigerator,Tub/Shower,",,![Dining/Kitchen Area - Pepper Tree](https://images1.apartments.com/i2/1BvpVI_D4ajYQU6Fqib4ILO0JQNWxvdrw8_QAEduiLw/111/pepper-tree-college-station-tx-diningkitchen-area.jpg?p=1) ,"b""b'Washer/Dryer Connections in select homes! Call to Learn More! Our spacious one, two and three-bedroom homes offer you distinctive features designed to fit your individual lifestyle. Plus, at Pepper Tree Apartments your internet is included! Let our friendly staff and the relaxed atmosphere of Pepper Tree take care of you. Call today to schedule your tour!'"""
[The Bend at Crescent Pointe](https://www.apartments.com/the-bend-at-crescent-pointe-college-station-tx/s7bqkp7/),9793142826,"[1550 Crescent Pointe Pky, College Station, TX 77845](https://www.google.com/maps/dir/Texas+A&M+University/1550+Crescent+Pointe+Pky,+College+Station,+TX+77845/data=!4m2!4m1!3e2)",,"$964 - 1,450",,* Application Fee: $58,,,,"Pool,Fitness Center,Clubhouse,Recycling,Washer/Dryer - In Unit,Air Conditioning,Dishwasher,High Speed Internet Access,Walk-In Closets,Granite Countertops,Microwave,Refrigerator,",,![Primary Photo - The Bend at Crescent Pointe](https://images1.apartments.com/i2/s3pYJjFcPGCB5Jp58au3trZy0XDItVoSz3lro3f6Nwo/111/the-bend-at-crescent-pointe-college-station-tx-primary-photo.jpg?p=1) ,"b""b'At The Bend at Crescent Pointe, you will find spacious floor plans and amenities that are the perfect backdrop for modern living. Everything you need is right outside your door. From a resort style swimming pool to a top flight fitness center, the Bend at Crescent Pointe brings College Station apartment living to a whole new level.'"""
[Crescent Pointe Apartments](https://www.apartments.com/crescent-pointe-apartments-college-station-tx/en152wq/),8444793461,"[1501 Copperfield Pky, College Station, TX 77845](https://www.google.com/maps/dir/Texas+A&M+University/1501+Copperfield+Pky,+College+Station,+TX+77845/data=!4m2!4m1!3e2)",,"$924 - 1,410","* Cat Rent: $15
* Dog Rent: $15","* Application Fee: $65
* Cat Fee: $250
* Cat Deposit: $150
* Dog Fee: $250
* Dog Deposit: $150",,,,"Pool,Fitness Center,Clubhouse,Controlled Access,Washer/Dryer - In Unit,Air Conditioning,Dishwasher,High Speed Internet Access,",,![Office - Crescent Pointe Apartments](https://images1.apartments.com/i2/90lq8p10upSkyPZrNm-hD8yJZ5-MEk2JYEroUZUears/111/crescent-pointe-apartments-college-station-tx-office.jpg?p=1) ,"b'b""Style and convenience come full circle at Crescent Pointe to form the perfect backdrop for modern living. With smart floor plans, sleek features, and a long list of amenities, Crescent Pointe brings apartment living to a new level.\\nOutside your door, you\'ll find a resort-style pool and a fully equipped athletic center with a cardio theatre and free weights. Join your circle of friends in the clubhouse for a game of billiards or a movie. There\'s also an executive business center where you can bring your day to a close.\\nStay in shape, stay connected, stay busy - it\'s easy to do when you live here. Come full circle. Come home to Crescent Pointe.""'"
[The Curve at Crescent Pointe](https://www.apartments.com/the-curve-at-crescent-pointe-college-station-tx/rlsen93/),8447321426,"[2201 Crescent Pointe Pky, College Station, TX 77845](https://www.google.com/maps/dir/Texas+A&M+University/2201+Crescent+Pointe+Pky,+College+Station,+TX+77845/data=!4m2!4m1!3e2)",,"$984 - 1,474",,* Application Fee: $85,,,,"Pool,Fitness Center,Clubhouse,Controlled Access,Washer/Dryer - In Unit,Air Conditioning,Dishwasher,High Speed Internet Access,",,![Primary Photo - The Curve at Crescent Pointe](https://images1.apartments.com/i2/V0woWALnKirG5buenYPVpioufSJhNbsz2PbevryjDj4/111/the-curve-at-crescent-pointe-college-station-tx-primary-photo.jpg?p=1) ,"b""b'At The Curve at Crescent Pointe, you will find spacious floor plans and amenities that are the perfect backdrop for modern living. Everything you need is right outside your door. From a resort style swimming pool to a top flight fitness center, The Curve at Crescent Pointe brings College Station apartment living to a whole new level.'"""
[SoCo at Tower Point](https://www.apartments.com/soco-at-tower-point-college-station-tx/ekr97tq/),8327426880,"[4340 Decatur Dr, College Station, TX 77845](https://www.google.com/maps/dir/Texas+A&M+University/4340+Decatur+Dr,+College+Station,+TX+77845/data=!4m2!4m1!3e2)",,"$1,130 - 1,819","* Assigned Covered Parking: $50
* Assigned Garage Parking: $115 - $200","* Admin Fee: $150
* Application Fee: $60",,,,"Pool,Fitness Center,Clubhouse,Controlled Access,Business Center,Grill,Gated,Conference Room,Washer/Dryer - In Unit,Dishwasher,Hardwood Floors,Walk-In Closets,",,![Primary Photo - SoCo at Tower Point](https://images1.apartments.com/i2/DV4t2Oxm8euXRXrsN5Ko5cjQRJz7Rt7JRtY3lNy2g6M/111/soco-at-tower-point-college-station-tx-primary-photo.jpg?p=1) ,"b""b'Welcome to SoCo at Tower Point, a brand new innovative community that offers apartments for rent in South College Station. Our location provides luxury and convenience that meet your every need and desire. Life at SoCo means never having to sacrifice any of the indulgences - top-notch, on-site management provided by West Shore LLC; a gated community with plenty of shopping nearby; a designer kitchen with granite slab counter tops, undermount sink, and stainless steel appliance package; and an amenities package that rivaled by none. This is the lifestyle you have always envisioned, manifested in one unprecedented community. Welcome Home.'"""
[Ariza College Station](https://www.apartments.com/ariza-college-station-college-station-tx/zggtgfz/),9799771049,"[3210 Harvey Rd, College Station, TX 77845](https://www.google.com/maps/dir/Texas+A&M+University/3210+Harvey+Rd,+College+Station,+TX+77845/data=!4m2!4m1!3e2)","b""b'735'""","$955 - 1,590","* Unassigned Covered Parking: $30
* Unassigned Garage Parking: $100 - $125
* Cat Rent: $20
* Dog Rent: $20","* Admin Fee: $100
* Application Fee: $60
* Cat Fee: $250
* Cat Deposit: $500
* Dog Fee: $250
* Dog Deposit: $500",,,,"Pool,Fitness Center,Concierge,Clubhouse,Washer/Dryer - In Unit,Air Conditioning,Dishwasher,Walk-In Closets,Granite Countertops,Microwave,Refrigerator,Disposal,",,![Primary Photo - Ariza College Station](https://images1.apartments.com/i2/xROYgm-EI2nuJX3FzC--gw55U_PUO8phPPpe805b2Ms/111/ariza-college-station-college-station-tx-primary-photo.jpg?p=1) ,"b""b'Ariza College Station is a garden-style community offering impressive finishes and resort-quality amenities. We offer one, two, and three bedroom units that are sure to please! Whether you want to relax by our resort-style pool or play a game of sand volleyball, Ariza College Station is sure to have something for you! We\\xe2\\x80\\x99re conveniently located near many shopping, dining and entertainment options with easy access to Texas A&M and Blinn Universities!'"""
[The Zone](https://www.apartments.com/the-zone-college-station-tx/tl3zwcb/),8448352154,"[2001 W Holleman Dr, College Station, TX 77840](https://www.google.com/maps/dir/Texas+A&M+University/2001+W+Holleman+Dr,+College+Station,+TX+77840/data=!4m2!4m1!3e2)",,$409 - 859,"* Storage Fee: $25
* Cat Rent: $25
* Dog Rent: $25","* Admin Fee: $150
* Application Fee: $25
* Cat Fee: $200
* Cat Deposit: $200
* Dog Fee: $200
* Dog Deposit: $200",,,,"Pool,Fitness Center,Furnished Units Available,Clubhouse,Business Center,Grill,Gated,Community-Wide WiFi,Washer/Dryer - In Unit,Air Conditioning,Dishwasher,High Speed Internet Access,Hardwood Floors,Walk-In Closets,Microwave,Refrigerator,",,![Primary Photo - The Zone](https://images1.apartments.com/i2/tyBVP5Uxolb4WnJaD16rNgWvlOBbcWBB_qT6KmQuikY/111/the-zone-college-station-tx-primary-photo.jpg?p=1) ,"b""b'No other student housing community in College Station can deliver amazing amenities and awesome events all while having the most affordable rates quite like The Zone, apartments near TAMU. We are less than 2 miles from the TAMU campus, have fully furnished apartment homes, and offer individual leases. Not to mention, our amazing pool, courtyard, and our unmatched customer service make The Zone an easy choice when it comes to picking an apartment near TAMU'"""
[Crossing Place](https://www.apartments.com/crossing-place-college-station-tx/5h5j8zp/),8447182749,"[400 Southwest Pky, College Station, TX 77840](https://www.google.com/maps/dir/Texas+A&M+University/400+Southwest+Pky,+College+Station,+TX+77840/data=!4m2!4m1!3e2)","b""b'1,107'""",$379,"* Cat Rent: $30
* Dog Rent: $30","* Admin Fee: $150
* Application Fee: $25
* Cat Fee: $300
* Cat Deposit: $200
* Dog Fee: $300
* Dog Deposit: $200",,,,"Pool,Fitness Center,Furnished Units Available,Clubhouse,Washer/Dryer - In Unit,Air Conditioning,Dishwasher,High Speed Internet Access,",,![Primary Photo - Crossing Place](https://images1.apartments.com/i2/HQWcwE4nghc4V2AJ6iMCY_QT0TmVfkM2ye0KKGqTw_c/111/crossing-place-college-station-tx-primary-photo.jpg?p=1) ,"b'b""Welcome to Crossing Place! Lease your own private bedroom in our spacious four-bedroom apartment homes. Our community includes a resort-style pool, fitness center with state-of-the-art equipment, business center with MACs &amp; PCs, sand volleyball court, basketball court, and more. Each apartment home is fully furnished and includes a full-sized washer and dryer, high-speed internet access, upgraded cable television with HBO and so much more for the best price in College Station. With all Crossing Place has to offer to Texas A&amp;M and Blinn students, its no surprise our community is filling up fast for fall. Come see why we\'re the best student housing value in town!""'"
[Parcside Townhomes](https://www.apartments.com/parcside-townhomes-college-station-tx/rkws780/),8442034132,"[2500 Central Park Ln, College Station, TX 77840](https://www.google.com/maps/dir/Texas+A&M+University/2500+Central+Park+Ln,+College+Station,+TX+77840/data=!4m2!4m1!3e2)","b""b'1,085'""","$1,145 - 1,885","* Assigned Other Parking: $20
* Cat Rent: $25
* Dog Rent: $25","* Admin Fee: $100
* Application Fee: $50
* Cat Fee: $525
* Dog Fee: $525",,,,"Pool,Fitness Center,Furnished Units Available,Clubhouse,Recycling,Business Center,Grill,Community-Wide WiFi,Washer/Dryer - In Unit,Air Conditioning,Dishwasher,Washer/Dryer Hookup,High Speed Internet Access,Hardwood Floors,Walk-In Closets,Granite Countertops,",,![Parcside Townhomes Entrance - Parcside Townhomes](https://images1.apartments.com/i2/bflnb4KwzaXVpd89c4lKOjX-GXn9eWkw0i7S9WOSVCc/111/parcside-townhomes-college-station-tx-parcside-townhomes-entrance.jpg?p=1) ,"b""b'At Parcside Townhomes, experience townhome apartment living-imagine living with a yard, large open living spaces and bedrooms upstairs. Our two, two-bedroom den and three bedroom townhomes come with fully equipped, full-size kitchens, energy efficient appliances, granite countertops and ample cabinet storage.\\nOur convenient location off Southwest Parkway puts you in walking distance of the trails and attractions of Central Park and Wolf Pen Creek Parks, a 10 minute drive to Texas A&M University, as well as a global selection of good eats and fun, friendly watering holes and Post Oak Mall.'"""
[Park West](https://www.apartments.com/park-west-college-station-tx/n96rjqn/),4692401325,"[503 George Bush Dr, College Station, TX 77840](https://www.google.com/maps/dir/Texas+A&M+University/503+George+Bush+Dr,+College+Station,+TX+77840/data=!4m2!4m1!3e2)",,"$535 - 1,165","* Unassigned Surface Lot Parking: $75
* Assigned Garage Parking: $25","* Cat Fee: $300
* Dog Fee: $300",,,,"Pool,Fitness Center,Furnished Units Available,Elevator,Clubhouse,Roof Terrace,Controlled Access,Business Center,Washer/Dryer - In Unit,Air Conditioning,Dishwasher,High Speed Internet Access,Hardwood Floors,Walk-In Closets,Island Kitchen,Granite Countertops,",,![Primary Photo - Park West](https://images1.apartments.com/i2/c_f6TE3ELLk9PKU9aTVGh77EzRh8YEJU359TZDE2DmA/111/park-west-college-station-tx-primary-photo.jpg?p=1) ,"b""b'Park West Student Living in College Station is located steps away from everything Texas A&M University has to offer. Our off-campus student housing community offers an unparalleled way of life that TAMU Aggies deserve. Located on the west side of the Texas A&M campus, Park West Student Housing is across the street from Kyle Field along George Bush Drive West allowing you to walk or bike to class! With FOUR Texas A&M Shuttle Bus stops, a Convenience Store, a Coffee Shop located on site, and a GROCERY STORE that is STEPS away, Park West has everything you want or need in your college apartment. Ready to get social? We\\xe2\\x80\\x99ve got you covered. Take advantage of our 50,000 sq.ft. rooftop lounge and deck. Larger than a football field, it boasts a HUGE pool with hot tub, private cabanas, and outdoor cooking space. You can also check out our two other resort style pools, grab some friends and host a BBQ in one of our grilling and fire pit areas, or head to one of our multiple gaming rooms or study lounges. Ready to get fit? Make sure to check out our 3 state-of-the-art fitness centers, sand volleyball courts, and jogging trail to blow off that extra steam. At Park West, you can always join our amazing staff and attend our planned Resident Programs to fill your social calendar, teach you about independent living and life skills, or tips on how to best succeed in college. Our Studio, 1, 2, 3, and 4 bedroom apartments are next level modern living with a student-detailed focus. Private bedrooms and locks, full size beds, walk-in closets, stainless steel appliances, in-unit washer & dryers, free high-speed Wifi, and all-inclusive living packages with NO caps are included in all apartments at Park West in College Station. Whatever your budget, we have a place for you. With Aggie tradition and TAMU excellence in mind, Park West Student Living in College Station establishes this one-of-a-kind off campus community and we can\\xe2\\x80\\x99t wait for you to join us.'"""
[Cherry Street Apartments at Northgate](https://www.apartments.com/cherry-street-apartments-at-northgate-college-station-tx/z4mgc7z/),8667994617,"[200 Cherry St, College Station, TX 77840](https://www.google.com/maps/dir/Texas+A&M+University/200+Cherry+St,+College+Station,+TX+77840/data=!4m2!4m1!3e2)",,$699,"* Storage Fee: $50
* Assigned Surface Lot Parking: $25
* Cat Rent: $25
* Dog Rent: $25","* Admin Fee: $100
* Application Fee: $50
* Cat Fee: $250
* Cat Deposit: $250
* Dog Fee: $250
* Dog Deposit: $250",,,,"Pool,Fitness Center,Furnished Units Available,Elevator,Clubhouse,Controlled Access,Business Center,Grill,Washer/Dryer - In Unit,Air Conditioning,Dishwasher,High Speed Internet Access,Walk-In Closets,Island Kitchen,Granite Countertops,Microwave,",,![Primary Photo - Cherry Street Apartments at Northgate](https://images1.apartments.com/i2/kDAv3SA-x_xXkNF5aDgw4oif8uPkvMvHnzSFo4phsWs/111/cherry-street-apartments-at-northgate-college-station-tx-primary-photo.jpg?p=1) ,"b'b""Cherry Street offers you the finest in apartment living. Complete with efficient appliances, spacious cabinetry, and hardwood-style flooring, these homes have been designed to ensure a modern living experience. Just a short walk from Northgate Park and the Texas A&M campus, you can access the university\'s wide assortment of offerings in mere moments. Delicious restaurants are available in abundance. Open 24 hrs, Fuego Tortilla Grill is the perfect place to enjoy some quality Mexican food. When you are in the mood for some authentic Mediterranean cuisine, look no further than Zand\'s Persian Kebabs. If sushi is on your mind, head down to 40 Tempura Sushi. Widely viewed as one of the area\'s best Italian restaurants, Cenare Italian Restaurant offers authentic fare at an affordable price. When you prefer to eat in, the area is home to numerous grocery stores, including H-E-B, Walmart, and Kroger. Please call for an appointment today!""'"
[The Lofts at Wolf Pen Creek](https://www.apartments.com/the-lofts-at-wolf-pen-creek-college-station-tx/dy5n5cj/),9793145272,"[614 Holleman Dr E, College Station, TX 77840](https://www.google.com/maps/dir/Texas+A&M+University/614+Holleman+Dr+E,+College+Station,+TX+77840/data=!4m2!4m1!3e2)",,"$310 - 1,100","* Cat Rent: $25
* Dog Rent: $25","* Admin Fee: $100
* Application Fee: $100
* Cat Fee: $250
* Cat Deposit: $250
* Dog Fee: $250
* Dog Deposit: $250",,,,"Pool,Fitness Center,Laundry Facilities,Furnished Units Available,Elevator,Clubhouse,Business Center,Grill,Washer/Dryer - In Unit,Air Conditioning,Dishwasher,High Speed Internet Access,Hardwood Floors,Walk-In Closets,Microwave,Refrigerator,",,![Primary Photo - The Lofts at Wolf Pen Creek](https://images1.apartments.com/i2/Tquh7VRO21FezJ8VQ3USw0wcRMgxBr6BOUwCYDeMblM/111/the-lofts-at-wolf-pen-creek-college-station-tx-primary-photo.jpg?p=1) ,"b""b'The Lofts at Wolf Pen Creek is a luxurious apartment complex overlooking Wolf Pen Creek Park! We are located just minutes away from Texas A&M and HEB. Enjoy your college experience while maintaining a relaxed atmosphere. We have a Cross-fit approved two-story gym, study rooms, Starbucks coffee machine, a Spin Studio, Resort Style and Lap pools, BBQ pits, and so much more! Plus our on site security makes The Lofts a safe and relaxing stay for residents, parents, and friends alike! The Lofts offers 12 fully furnished floor plans so come in and experience all the great things The Lofts has to offer!'"""
[Woodlands of College Station](https://www.apartments.com/woodlands-of-college-station-college-station-tx/y36hxqs/),8446692788,"[1725 Harvey Mitchell Pky S, College Station, TX 77840](https://www.google.com/maps/dir/Texas+A&M+University/1725+Harvey+Mitchell+Pky+S,+College+Station,+TX+77840/data=!4m2!4m1!3e2)",,$539 - 709,"* Cat Rent: $30
* Dog Rent: $30","* Admin Fee: $150
* Application Fee: $50
* Cat Fee: $350
* Dog Fee: $350",,,,"Pool,Fitness Center,Furnished Units Available,Clubhouse,Controlled Access,Business Center,Grill,Community-Wide WiFi,Washer/Dryer - In Unit,Air Conditioning,Dishwasher,High Speed Internet Access,Hardwood Floors,Walk-In Closets,Granite Countertops,Microwave,",,![Primary Photo - Woodlands of College Station](https://images1.apartments.com/i2/A3w0UDI9gBX4UpO8_DVN9r2hoU1txFl9niu1yDc0PlQ/111/woodlands-of-college-station-college-station-tx-primary-photo.jpg?p=1) ,"b""b'Woodlands of College Station is just minutes from the Texas A&M University campus, so you can look forward to a very short walk to class in the mornings. That leaves you loads of time for a morning lie-in or a group fitness class at the ultra-modern, on-site 24-hour fitness center. When college is over for the day, come home to Woodlands of College Station and settle down in our 24-hour study lounge to get your research done and also print off your notes using one of the free printers. Later, meet friends for a game of pool in the clubhouse, or a face-off in either our basketball, tennis or volleyball court. You can also stay in for a TV night in our media center and movie center. With wood-style flooring and luxury amenities and some utilities included, your apartment at Woodlands of College Station is a luxurious home that will make your transition to college life an easy one. Call to schedule a tour with us today.'"""
[Uptown 408](https://www.apartments.com/uptown-408-college-station-tx/0f4qhp2/),8442502534,"[403 College Main, College Station, TX 77840](https://www.google.com/maps/dir/Texas+A&M+University/403+College+Main,+College+Station,+TX+77840/data=!4m2!4m1!3e2)",,"$1,175",,"* Application Fee: $50
* Cat Deposit: $500
* Dog Deposit: $500",,,,"Washer/Dryer - In Unit,Air Conditioning,Dishwasher,Loft Layout,High Speed Internet Access,Hardwood Floors,Walk-In Closets,Island Kitchen,",,![Primary Photo - Uptown 408](https://images1.apartments.com/i2/-bb-nt4J1CJsbIjHkjel8T2OBfcKLUpZN6ABlcRBxQU/111/uptown-408-college-station-tx-primary-photo.jpg?p=1) ,"b""b'You will not find a better value in Northgate! Located steps from A&M and Northgate this beautiful condo features sleek granite countertops, rich cabinetry, stainless appliances, 1 FREE attached private garage per bedroom (2 car garage & 1 covered carport on 3 Bed Units), high end wood vinyl flooring throughout, and real wood treads on stairs. Cable, Internet, Water & Sewer are PAID! You will fall in love with this unit, the location and price!!!'"""
[Signature Park Apts](https://www.apartments.com/signature-park-apts-bryan-tx/g2brpmy/),8773882754,"[3780 Copperfield Dr, Bryan, TX 77802](https://www.google.com/maps/dir/Texas+A&M+University/3780+Copperfield+Dr,+Bryan,+TX+77802/data=!4m2!4m1!3e2)",,"$874 - 1,224",* Unassigned Covered Parking: $25,* Application Fee: $85,,,,"Pool,Fitness Center,Clubhouse,Controlled Access,Washer/Dryer - In Unit,Air Conditioning,Dishwasher,Washer/Dryer Hookup,Walk-In Closets,Microwave,Refrigerator,Tub/Shower,",,![Overview 1 - Signature Park Apts](https://images1.apartments.com/i2/SvQLmdhrkS-b0Cr-IF7eUm2Gf51A8e-q_e9N-mqsmTI/111/signature-park-apts-bryan-tx-overview-1.jpg?p=1) ,"b'b""Signature Park offers luxury living that is sure to leave you satisfied. As College Station\'s finest apartment homes, Signature Park is a community where no detail has been spared. From an extensive selection of floor plans, amenities, and convenience to local colleges, we are sure to have all that you desire!\\nSignature Park,\\nIt\'s not just a home...\\nIt\'s a Lifestyle!""'"
[The Element at University Park](https://www.apartments.com/the-element-at-university-park-bryan-tx/6jtz71r/),9793145250,"[4475 Carter Creek Pky, Bryan, TX 77802](https://www.google.com/maps/dir/Texas+A&M+University/4475+Carter+Creek+Pky,+Bryan,+TX+77802/data=!4m2!4m1!3e2)","b""b'683'""","$578 - 1,150","* Assigned Covered Parking: $25
* Unassigned Garage Parking: $25
* Unassigned Other Parking: $15
* Bird Rent: $25
* Cat Rent: $25
* Dog Rent: $25
* Fish Rent: $25","* Bird Fee: $250
* Cat Fee: $250
* Dog Fee: $250
* Fish Fee: $250",,,,"Laundry Facilities,Furnished Units Available,Elevator,Business Center,Washer/Dryer - In Unit,Air Conditioning,Dishwasher,Washer/Dryer Hookup,High Speed Internet Access,Walk-In Closets,Microwave,Refrigerator,",,![Beautiful landscaping - The Element at University Park](https://images1.apartments.com/i2/cnLxGLhraXrbgG_y9R2eAH3bFofNaqUhG08UmSrm5C8/111/the-element-at-university-park-bryan-tx-beautiful-landscaping.jpg?p=1) ,"b""b'You\\xe2\\x80\\x99ll love where you live and never run out of things to do at The Element at University Park \\xe2\\x80\\x93 come experience living in Bryan at its finest with resort-style amenities. Sharpen your golf game on our putting green or hit some tennis balls on our full-size tennis courts. If table tennis is more your style, we\\xe2\\x80\\x99ve got ping pong tables. Start up a game of corn hole or horseshoes. Your furry, four-legged best friend will love hanging out and socializing in our on-site dog park. We even have bikes you can borrow. There\\xe2\\x80\\x99s so much to do you might never want to leave!'"""
